"Pasta , Noodles ,Grain & Rice",Instant Meals,79e8b1e8-b0aa-4124-8569-d4fa99cb4230,Annie's  White Cheddar & Shells Mac and Cheese (6 oz),449,https://tb-static.uber.com/prod/image-proc/processed_images/34150b0f12eab95f289eaf1be69c5c92/5954bcb006b10dbfd0bc160f6370faf3.jpeg
"Pasta , Noodles ,Grain & Rice",Instant Meals,79e8b1e8-b0aa-4124-8569-d4fa99cb4230,Kraft  Deluxe Macaroni & Cheese Original Cup (2.4 oz),399,https://tb-static.uber.com/prod/image-proc/processed_images/3c09ed0b5991e0fae5885e6a908bc08f/5954bcb006b10dbfd0bc160f6370faf3.jpeg
"Pasta , Noodles ,Grain & Rice",Instant Meals,79e8b1e8-b0aa-4124-8569-d4fa99cb4230,Kraft  Original macaroni & cheese (7.3 oz),399,https://tb-static.uber.com/prod/image-proc/processed_images/0d062d8f0f96679fb8a101b37860e6a1/5954bcb006b10dbfd0bc160f6370faf3.jpeg
"Pasta , Noodles ,Grain & Rice",Instant Meals,79e8b1e8-b0aa-4124-8569-d4fa99cb4230,Annie's  Gluten free rice pasta & classic cheddar (6 oz),449,https://tb-static.uber.com/prod/image-proc/processed_images/d406ce6d0ac7bae93dc75d7675de0efd/5954bcb006b10dbfd0bc160f6370faf3.jpeg
"Pasta , Noodles ,Grain & Rice",Instant Meals,79e8b1e8-b0aa-4124-8569-d4fa99cb4230,Annie's  Organic Shells & White Cheddar Cheese (10.5 oz),899,https://tb-static.uber.com/prod/image-proc/processed_images/b9564485c2a686eff9044c5a2e7bac2c/5954bcb006b10dbfd0bc160f6370faf3.jpeg
"Pasta , Noodles ,Grain & Rice",Instant Meals,79e8b1e8-b0aa-4124-8569-d4fa99cb4230,Kraft  Macaroni & cheese spirals dinner (5.5 oz),499,https://tb-static.uber.com/prod/image-proc/processed_images/e19b847e464031cf3285045217f72e26/5954bcb006b10dbfd0bc160f6370faf3.jpeg
"Pasta , Noodles ,Grain & Rice",Instant Meals,79e8b1e8-b0aa-4124-8569-d4fa99cb4230,Nissin  Cup noodles beef ramen soup (2.3 oz),199,https://tb-static.uber.com/prod/image-proc/processed_images/f62534136a0c20c72a9f879dc954692f/5954bcb006b10dbfd0bc160f6370faf3.jpeg
"Pasta , Noodles ,Grain & Rice",Instant Meals,79e8b1e8-b0aa-4124-8569-d4fa99cb4230,Annie's  Organic Macaroni Shells & Real Aged Cheddar Cheese (6 oz),449,https://tb-static.uber.com/prod/image-proc/processed_images/a3d4a7aaacabf676575a21b9f14b57f0/5954bcb006b10dbfd0bc160f6370faf3.jpeg
"Pasta , Noodles ,Grain & Rice",Instant Meals,79e8b1e8-b0aa-4124-8569-d4fa99cb4230,Nissin  Chicken flavor ramen noodle soup (3 oz ),199,https://tb-static.uber.com/prod/image-proc/processed_images/e333d690760f5199420f423e5945fb7b/5954bcb006b10dbfd0bc160f6370faf3.jpeg
"Pasta , Noodles ,Grain & Rice",Instant Meals,79e8b1e8-b0aa-4124-8569-d4fa99cb4230,Kraft  Macaroni & cheese (5.5 oz),499,https://tb-static.uber.com/prod/image-proc/processed_images/35351d44e474eaa1065abd10cfc051fb/5954bcb006b10dbfd0bc160f6370faf3.jpeg
"Pasta , Noodles ,Grain & Rice",Instant Meals,79e8b1e8-b0aa-4124-8569-d4fa99cb4230,Kraft  Original macaroni & cheese ( 2.3 oz),499,https://i.ebayimg.com/images/g/iAkAAOSwzPZjbh5T/s-l1600.jpg
"Pasta , Noodles ,Grain & Rice",Instant Meals,79e8b1e8-b0aa-4124-8569-d4fa99cb4230,Carolina  Whole Grain Brown Rice (2 lbs),599,https://tb-static.uber.com/prod/image-proc/processed_images/4a0f16f9ebc628a606c492de0610d052/5954bcb006b10dbfd0bc160f6370faf3.jpeg
"Pasta , Noodles ,Grain & Rice",Instant Meals,79e8b1e8-b0aa-4124-8569-d4fa99cb4230,Kraft  Macaroni & Cheese Dinner Original Flavor (5 x 7.3 oz),1799,https://tb-static.uber.com/prod/image-proc/processed_images/6bad0ec5f2d60920617bb53f3aabdc67/5954bcb006b10dbfd0bc160f6370faf3.jpeg
"Pasta , Noodles ,Grain & Rice",Instant Meals,79e8b1e8-b0aa-4124-8569-d4fa99cb4230,Nongshim  Bowl noodle soup spicy shrimp flavor (3 oz),299,https://tb-static.uber.com/prod/image-proc/processed_images/a9643fb8db2c674c29f9a1c6ff7a05a5/5954bcb006b10dbfd0bc160f6370faf3.jpeg
"Pasta , Noodles ,Grain & Rice",Instant Meals,79e8b1e8-b0aa-4124-8569-d4fa99cb4230,Annie's  Penne & Four Cheese Mac and Cheese (5.5 oz),449,https://tb-static.uber.com/prod/image-proc/processed_images/f2f455ff49df5a6a5d2768d039da64c1/5954bcb006b10dbfd0bc160f6370faf3.jpeg
"Pasta , Noodles ,Grain & Rice",Instant Meals,79e8b1e8-b0aa-4124-8569-d4fa99cb4230,Kraft  Macaroni & Cheese Dinner Unicorn Shapes (5.5 oz),499,https://tb-static.uber.com/prod/image-proc/processed_images/25d6d0572d054be74c304a23dafe2701/5954bcb006b10dbfd0bc160f6370faf3.jpeg
"Pasta , Noodles ,Grain & Rice",Instant Meals,79e8b1e8-b0aa-4124-8569-d4fa99cb4230,Amy's  Original meatballs (8.5 oz),949,https://tb-static.uber.com/prod/image-proc/processed_images/e41c0e40ac1671dbf536a182048b3325/5954bcb006b10dbfd0bc160f6370faf3.jpeg
"Pasta , Noodles ,Grain & Rice",Instant Meals,79e8b1e8-b0aa-4124-8569-d4fa99cb4230,Kraft  Macaroni & Cheese White Cheddar Dinner (7.3 oz),399,https://tb-static.uber.com/prod/image-proc/processed_images/0d6387ce9e7be1cd2483e24f746ef604/5954bcb006b10dbfd0bc160f6370faf3.jpeg
"Pasta , Noodles ,Grain & Rice",Instant Meals,79e8b1e8-b0aa-4124-8569-d4fa99cb4230,Kraft  Deluxe Four Cheese Macaroni Dinner (14 oz),899,https://tb-static.uber.com/prod/image-proc/processed_images/26b5e4633b7d975e2faf6475a17f653d/5954bcb006b10dbfd0bc160f6370faf3.jpeg
"Pasta , Noodles ,Grain & Rice",Instant Meals,79e8b1e8-b0aa-4124-8569-d4fa99cb4230,Annie's  Shells & white cheddar macaroni & cheese (6 oz),449,https://tb-static.uber.com/prod/image-proc/processed_images/963b61d12fdc978a691597ca94dbb630/5954bcb006b10dbfd0bc160f6370faf3.jpeg
"Pasta , Noodles ,Grain & Rice",Instant Meals,79e8b1e8-b0aa-4124-8569-d4fa99cb4230,Annie's  Classic Mild Cheddar Macaroni & Cheese (6 oz),449,https://tb-static.uber.com/prod/image-proc/processed_images/86b85dc9451346453a9773ce504c751a/5954bcb006b10dbfd0bc160f6370faf3.jpeg
"Pasta , Noodles ,Grain & Rice",Instant Meals,79e8b1e8-b0aa-4124-8569-d4fa99cb4230,Kraft  Deluxe Macaroni & Cheese Original Cheddar Dinner (14 oz),899,https://tb-static.uber.com/prod/image-proc/processed_images/b4cd5c5bd9bb291fbe551960d2fec982/5954bcb006b10dbfd0bc160f6370faf3.jpeg
"Pasta , Noodles ,Grain & Rice",Instant Meals,79e8b1e8-b0aa-4124-8569-d4fa99cb4230,Annie's  Organic Pasta Shells & White Cheddar Cheese (10.5 oz),999,https://tb-static.uber.com/prod/image-proc/processed_images/bcf773c1595a40363fede63a92fa86d2/5954bcb006b10dbfd0bc160f6370faf3.jpeg
"Pasta , Noodles ,Grain & Rice",Instant Meals,79e8b1e8-b0aa-4124-8569-d4fa99cb4230,Annie's  Bernie's Farm Mac & Cheese (6 oz),449,https://tb-static.uber.com/prod/image-proc/processed_images/aa2ac8f928e4749461077dfbb0d4a130/5954bcb006b10dbfd0bc160f6370faf3.jpeg
"Pasta , Noodles ,Grain & Rice",Instant Meals,79e8b1e8-b0aa-4124-8569-d4fa99cb4230,Annie's  Deluxe Rich & Creamy Shells & Four Cheese (11.3 oz),999,https://tb-static.uber.com/prod/image-proc/processed_images/ef8916f552d47c8e2939906c5175ee1d/5954bcb006b10dbfd0bc160f6370faf3.jpeg
"Pasta , Noodles ,Grain & Rice",Instant Meals,79e8b1e8-b0aa-4124-8569-d4fa99cb4230,Annie's  Bunny Macaroni Pasta with Yummy Cheese (6 oz),449,https://tb-static.uber.com/prod/image-proc/processed_images/089bf396f93220597afbd2e3984c2f44/5954bcb006b10dbfd0bc160f6370faf3.jpeg
"Pasta , Noodles ,Grain & Rice",Instant Meals,79e8b1e8-b0aa-4124-8569-d4fa99cb4230,Annie's  Organic deluxe rich & creamy shells & aged cheddar (11 oz),999,https://tb-static.uber.com/prod/image-proc/processed_images/78b595a5e062788c11b11872babe7a3d/5954bcb006b10dbfd0bc160f6370faf3.jpeg
"Pasta , Noodles ,Grain & Rice",Instant Meals,79e8b1e8-b0aa-4124-8569-d4fa99cb4230,Kraft  Macaroni & Cheese Three Cheese Mini-Shell Pasta (7.3 oz),399,https://tb-static.uber.com/prod/image-proc/processed_images/cc515657b0eb39aafa172a504ff74e48/5954bcb006b10dbfd0bc160f6370faf3.jpeg
"Pasta , Noodles ,Grain & Rice",Instant Meals,79e8b1e8-b0aa-4124-8569-d4fa99cb4230,Annie's  Classic cheddar macaroni and cheese (6 oz),449,https://tb-static.uber.com/prod/image-proc/processed_images/73a2512f54edad733f97b647f27d2200/5954bcb006b10dbfd0bc160f6370faf3.jpeg
"Pasta , Noodles ,Grain & Rice",Instant Meals,79e8b1e8-b0aa-4124-8569-d4fa99cb4230,Kraft  Macaroni & Sharp Cheddar Cheese (14 oz),899,https://tb-static.uber.com/prod/image-proc/processed_images/fe7ea889e87df21dfedc1aa0a31d25fb/5954bcb006b10dbfd0bc160f6370faf3.jpeg
"Pasta , Noodles ,Grain & Rice",Dry Pasta,cb88f52d-26c2-4571-89d1-46f50a82306c,De Cecco  Elbows Pasta No.81 (1 lb),499,https://tb-static.uber.com/prod/image-proc/processed_images/734d9e7d8dea7df18e5917843adc6401/5954bcb006b10dbfd0bc160f6370faf3.jpeg
"Pasta , Noodles ,Grain & Rice",Dry Pasta,cb88f52d-26c2-4571-89d1-46f50a82306c,De Cecco  Slow Dried Penne Rigate Pasta No.41 (1 lb),499,https://tb-static.uber.com/prod/image-proc/processed_images/ff3056e1e3b9729827a292c39f322556/5954bcb006b10dbfd0bc160f6370faf3.jpeg
"Pasta , Noodles ,Grain & Rice",Dry Pasta,cb88f52d-26c2-4571-89d1-46f50a82306c,De Cecco  Slow Dried Fusilli Pasta No.34 (1 lb),499,https://tb-static.uber.com/prod/image-proc/processed_images/7060845b54e8c6ac38631f7e80985bd5/5954bcb006b10dbfd0bc160f6370faf3.jpeg
"Pasta , Noodles ,Grain & Rice",Dry Pasta,cb88f52d-26c2-4571-89d1-46f50a82306c,De Cecco  Zita Cut No.118 Pasta (1 lb),499,https://tb-static.uber.com/prod/image-proc/processed_images/8f2ce343048231ae9f1adf30c5a63523/5954bcb006b10dbfd0bc160f6370faf3.jpeg
"Pasta , Noodles ,Grain & Rice",Dry Pasta,cb88f52d-26c2-4571-89d1-46f50a82306c,De Cecco  Spaghetti Pasta No. 12 (1 lb),499,https://tb-static.uber.com/prod/image-proc/processed_images/8ab54194787820ca8bd2db392d559e86/5954bcb006b10dbfd0bc160f6370faf3.jpeg
"Pasta , Noodles ,Grain & Rice",Dry Pasta,cb88f52d-26c2-4571-89d1-46f50a82306c,De Cecco  Penne Lisce Pasta No.40 (1 lb),499,https://tb-static.uber.com/prod/image-proc/processed_images/062224b76eea4a70f5a0e9515c37cabf/5954bcb006b10dbfd0bc160f6370faf3.jpeg
"Pasta , Noodles ,Grain & Rice",Dry Pasta,cb88f52d-26c2-4571-89d1-46f50a82306c,De Cecco  Linguine pasta no. 7 (1 lb),499,https://tb-static.uber.com/prod/image-proc/processed_images/39589e35e7b2f81e357d3688e859bb0a/5954bcb006b10dbfd0bc160f6370faf3.jpeg
"Pasta , Noodles ,Grain & Rice",Dry Pasta,cb88f52d-26c2-4571-89d1-46f50a82306c,De Cecco  Rigatoni no.24 pasta (1 lb),499,https://tb-static.uber.com/prod/image-proc/processed_images/fbc1dc1923565fd3eebded3fc4c6a715/5954bcb006b10dbfd0bc160f6370faf3.jpeg
"Pasta , Noodles ,Grain & Rice",Dry Pasta,cb88f52d-26c2-4571-89d1-46f50a82306c,De Cecco  Farfalle pasta no. 93 (1 lb),499,https://tb-static.uber.com/prod/image-proc/processed_images/13cbaac67557b5f7ad186ba79fbc3ca8/5954bcb006b10dbfd0bc160f6370faf3.jpeg
"Pasta , Noodles ,Grain & Rice",Dry Pasta,cb88f52d-26c2-4571-89d1-46f50a82306c,De Cecco  Angel hair pasta no. 9 (1 lb),499,https://tb-static.uber.com/prod/image-proc/processed_images/eb3b5fdbf0c197c7675c45c090464cc3/5954bcb006b10dbfd0bc160f6370faf3.jpeg
"Pasta , Noodles ,Grain & Rice",Pasta Sauces & Tomato Products,cb5b14f9-e71e-403e-97c8-c48b54c26151,Rao's Homemade Pasta Sauce -  Arrabbiata - Fra Diavolo Sauce - Hot ,1379,https://m.media-amazon.com/images/I/61EjQJw9yqL.jpg
"Pasta , Noodles ,Grain & Rice",Pasta Sauces & Tomato Products,cb5b14f9-e71e-403e-97c8-c48b54c26151,Rao's Homemade Pasta Sauce - Cuore Di Pomodoro Filetto - Tomato Prosciutto ,1379,https://images.heb.com/is/image/HEBGrocery/000626769
"Pasta , Noodles ,Grain & Rice",Pasta Sauces & Tomato Products,cb5b14f9-e71e-403e-97c8-c48b54c26151,"Rao's Homemade Pasta Sauce -  Puttanesca - Tomatoes, Capers, Olives and Anchovies",1379,https://i5.walmartimages.com/asr/a188fc72-d919-435f-b5bb-bbb1ca213f74_1.4b5710debbf71d12dd3a58bfcfc95f32.jpeg
"Pasta , Noodles ,Grain & Rice",Pasta Sauces & Tomato Products,cb5b14f9-e71e-403e-97c8-c48b54c26151,Rao's Homemade Pasta Sauce -  Marinara Sauce - All Purpose Tomato Sauce,1379,https://i5.peapod.com/c/4M/4MJCY.png
"Pasta , Noodles ,Grain & Rice",Pasta Sauces & Tomato Products,cb5b14f9-e71e-403e-97c8-c48b54c26151,Rao's Homemade Pasta Sauce -  Roasted Eggplant- Siciliana Sauce,1379,https://i5.walmartimages.com/asr/e8548fe0-04e4-4778-8358-119c78ec86f8_1.669ef2000f88cd42d33626781fd99af8.jpeg?odnHeight=612&odnWidth=612&odnBg=FFFFFF
"Pasta , Noodles ,Grain & Rice",Pasta Sauces & Tomato Products,cb5b14f9-e71e-403e-97c8-c48b54c26151,Rao's Homemade Pasta Sauce - Tomato Basil - Marinara Sauce With Basil ,1379,https://m.media-amazon.com/images/I/51oipN-r0XL.jpg
"Pasta , Noodles ,Grain & Rice",Pasta Sauces & Tomato Products,cb5b14f9-e71e-403e-97c8-c48b54c26151,"Rao's Homemade Pasta Sauce - Vodka Sauce - Tomatoes, Imported Cheese and Vodka",1379,https://m.media-amazon.com/images/I/71u6+eiBjdL.jpg
"Pasta , Noodles ,Grain & Rice",Pasta Sauces & Tomato Products,cb5b14f9-e71e-403e-97c8-c48b54c26151,Rao's Homemade Pasta Sauce -  4 Cheese Sauce - Pasta Sauce,1379,https://cdn.shopify.com/s/files/1/0611/3456/9715/products/Raos_Sauce_Four_Cheese_24oz_ProductShot_600x600_fc05bbc2-e1ff-455c-b27b-d32d38619e45.png?v=1648155672
"Pasta , Noodles ,Grain & Rice",Pasta Sauces & Tomato Products,cb5b14f9-e71e-403e-97c8-c48b54c26151,Rao's Homemade Pasta Sauce - Mushroom & Bell Pepper,1379,https://cdn.shopify.com/s/files/1/0611/3456/9715/products/Raos_Sauce_MushroomBellPepper_24oz_ProductShot_600x600_f49b8ad8-c4cb-4593-a471-1847b98d00e7_533x.png?v=1648155756
"Pasta , Noodles ,Grain & Rice",Pasta Sauces & Tomato Products,cb5b14f9-e71e-403e-97c8-c48b54c26151,Rao's Homemade Pasta Sauce - Bolognese Sauce- Tomato sauce with meat,1379,https://m.media-amazon.com/images/I/71aQeyeVwTL.jpg
"Pasta , Noodles ,Grain & Rice",Pasta Sauces & Tomato Products,cb5b14f9-e71e-403e-97c8-c48b54c26151,Classico  Four Cheese Alfredo Pasta Sauce (15 oz),699,https://tb-static.uber.com/prod/image-proc/processed_images/acc7d96c6ae5ede4de6b2486cbc47263/5954bcb006b10dbfd0bc160f6370faf3.jpeg
"Pasta , Noodles ,Grain & Rice",Pasta Sauces & Tomato Products,cb5b14f9-e71e-403e-97c8-c48b54c26151,Classico  Tomato & Basil Pasta Sauce (14 oz),899,https://tb-static.uber.com/prod/image-proc/processed_images/dc332ed078010bdb8c34743a0828e0ea/5954bcb006b10dbfd0bc160f6370faf3.jpeg
"Pasta , Noodles ,Grain & Rice",Pasta Sauces & Tomato Products,cb5b14f9-e71e-403e-97c8-c48b54c26151,Classico  Roasted Garlic Pasta Sauce (24 oz),699,https://tb-static.uber.com/prod/image-proc/processed_images/235706853c12d6a6359e782e326c355c/5954bcb006b10dbfd0bc160f6370faf3.jpeg
"Pasta , Noodles ,Grain & Rice",Pasta Sauces & Tomato Products,cb5b14f9-e71e-403e-97c8-c48b54c26151,Classico  Old world style sauce flavored with meat (24 oz),699,https://tb-static.uber.com/prod/image-proc/processed_images/7a97de6e06869bd299d2178e7db2b41a/5954bcb006b10dbfd0bc160f6370faf3.jpeg
"Pasta , Noodles ,Grain & Rice",Pasta Sauces & Tomato Products,cb5b14f9-e71e-403e-97c8-c48b54c26151,Classico  Sun-Dried Tomato Alfredo Pasta Sauce (15 oz),699,https://tb-static.uber.com/prod/image-proc/processed_images/58aebf2ed7e2f2ee6875602f3e801e6d/5954bcb006b10dbfd0bc160f6370faf3.jpeg
"Pasta , Noodles ,Grain & Rice",Pasta Sauces & Tomato Products,cb5b14f9-e71e-403e-97c8-c48b54c26151,Classico  Marinara with plum tomatoes & olive oil (24 oz),699,https://tb-static.uber.com/prod/image-proc/processed_images/de119e06d3f23490e90d09588f9fd50d/5954bcb006b10dbfd0bc160f6370faf3.jpeg
"Pasta , Noodles ,Grain & Rice",Pasta Sauces & Tomato Products,cb5b14f9-e71e-403e-97c8-c48b54c26151,Classico  Caramelized Onion & Roasted Garlic Pasta Sauce (24 oz),699,https://tb-static.uber.com/prod/image-proc/processed_images/390a3250a66eae9a71567466da1013a3/5954bcb006b10dbfd0bc160f6370faf3.jpeg
"Pasta , Noodles ,Grain & Rice",Pasta Sauces & Tomato Products,cb5b14f9-e71e-403e-97c8-c48b54c26151,Classico  Four Cheese Pasta Sauce (24 oz),899,https://tb-static.uber.com/prod/image-proc/processed_images/863a35a2aaefd9ccb7be4e9b8e2e6a60/5954bcb006b10dbfd0bc160f6370faf3.jpeg
"Pasta , Noodles ,Grain & Rice",Pasta Sauces & Tomato Products,cb5b14f9-e71e-403e-97c8-c48b54c26151,Classico  Pasta sauce family favorites meat sauce jar (24 oz),699,https://tb-static.uber.com/prod/image-proc/processed_images/e4b34609ca3cbc2191ed045a6cd4c6c2/5954bcb006b10dbfd0bc160f6370faf3.jpeg
"Pasta , Noodles ,Grain & Rice",Pasta Sauces & Tomato Products,cb5b14f9-e71e-403e-97c8-c48b54c26151,Classico  Creamy Alfredo Pasta Sauce (15 oz),699,https://tb-static.uber.com/prod/image-proc/processed_images/4c22d928b0757072f6e2488893b15950/5954bcb006b10dbfd0bc160f6370faf3.jpeg
"Pasta , Noodles ,Grain & Rice",Pasta Sauces & Tomato Products,cb5b14f9-e71e-403e-97c8-c48b54c26151,Classico  Cabernet Marinara with Herbs Pasta Sauce (24 oz),699,https://tb-static.uber.com/prod/image-proc/processed_images/740fbcf312859375a14b09124d78deee/5954bcb006b10dbfd0bc160f6370faf3.jpeg
"Pasta , Noodles ,Grain & Rice",Pasta Sauces & Tomato Products,cb5b14f9-e71e-403e-97c8-c48b54c26151,Classico  Traditional sweet basil pasta sauce (24 oz),699,https://tb-static.uber.com/prod/image-proc/processed_images/102dfabd41bee80e9cb268d00f969ab6/5954bcb006b10dbfd0bc160f6370faf3.jpeg
"Pasta , Noodles ,Grain & Rice",Pasta Sauces & Tomato Products,cb5b14f9-e71e-403e-97c8-c48b54c26151,Classico  Tomato & basil sauce (24 oz),699,https://tb-static.uber.com/prod/image-proc/processed_images/4dab38fad87811b60f3f9a68550b4481/5954bcb006b10dbfd0bc160f6370faf3.jpeg
"Pasta , Noodles ,Grain & Rice",Pasta Sauces & Tomato Products,cb5b14f9-e71e-403e-97c8-c48b54c26151,Classico  Pasta Sauce Italian Sausage with Peppers & Onions Jar (24 oz),699,https://tb-static.uber.com/prod/image-proc/processed_images/85a60882d67b7b49bfc858027e19b416/5954bcb006b10dbfd0bc160f6370faf3.jpeg
"Pasta , Noodles ,Grain & Rice",Pasta Sauces & Tomato Products,cb5b14f9-e71e-403e-97c8-c48b54c26151,Classico  Pasta sauce spicy tomato & basil jar (24 oz),699,https://tb-static.uber.com/prod/image-proc/processed_images/f582c157d5905f6bfddf7b71e3392839/5954bcb006b10dbfd0bc160f6370faf3.jpeg
"Pasta , Noodles ,Grain & Rice",Pasta Sauces & Tomato Products,cb5b14f9-e71e-403e-97c8-c48b54c26151,Classico  Pasta Sauce Family Favorites Traditional Jar (24 oz),699,https://tb-static.uber.com/prod/image-proc/processed_images/6215f9f2b573e31ca432e8abdaca7064/5954bcb006b10dbfd0bc160f6370faf3.jpeg
"Pasta , Noodles ,Grain & Rice",Pasta Sauces & Tomato Products,cb5b14f9-e71e-403e-97c8-c48b54c26151,Classico  Pasta sauce fire roasted tomato & garlic jar (24 oz),699,https://tb-static.uber.com/prod/image-proc/processed_images/560be400cbd9ac3b8f89371237dc09df/5954bcb006b10dbfd0bc160f6370faf3.jpeg
"Pasta , Noodles ,Grain & Rice",Rice & Grains,99554f03-3dec-4393-a5ab-18da4b8a0006,Carolina  Jasmine Long Grain Rice (32 oz),599,https://tb-static.uber.com/prod/image-proc/processed_images/6957ffcbc91bc9107e8e2bb99e09e0e2/5954bcb006b10dbfd0bc160f6370faf3.jpeg
"Pasta , Noodles ,Grain & Rice",Rice & Grains,99554f03-3dec-4393-a5ab-18da4b8a0006,Carolina  Whole Grain Brown Rice (1 lb),399,https://tb-static.uber.com/prod/image-proc/processed_images/cb67692234fb5c03df0a20c633b0e042/5954bcb006b10dbfd0bc160f6370faf3.jpeg
"Pasta , Noodles ,Grain & Rice",Rice & Grains,99554f03-3dec-4393-a5ab-18da4b8a0006,Carolina  Extra Long Grain Rice (32 oz),599,https://tb-static.uber.com/prod/image-proc/processed_images/8a29fbed5da2032d58403e50a200c0eb/5954bcb006b10dbfd0bc160f6370faf3.jpeg
"Pasta , Noodles ,Grain & Rice",Rice & Grains,99554f03-3dec-4393-a5ab-18da4b8a0006,Carolina  Gold enriched extra long grain rice (32 oz),599,https://tb-static.uber.com/prod/image-proc/processed_images/85a4a15171092796616b99cdc82ddb3b/5954bcb006b10dbfd0bc160f6370faf3.jpeg
"Pasta , Noodles ,Grain & Rice",Rice & Grains,99554f03-3dec-4393-a5ab-18da4b8a0006,Carolina  Enriched Extra Long Grain White Rice (48 oz),699,https://tb-static.uber.com/prod/image-proc/processed_images/2af63c3b76e2cb384105d95f00e56d8c/5954bcb006b10dbfd0bc160f6370faf3.jpeg
"Pasta , Noodles ,Grain & Rice",Rice & Grains,99554f03-3dec-4393-a5ab-18da4b8a0006,Carolina  Organic Brown Rice (32 oz),649,https://tb-static.uber.com/prod/image-proc/processed_images/c8eb383c2cdf6d32ac6f75bc2be49158/5954bcb006b10dbfd0bc160f6370faf3.jpeg
"Pasta , Noodles ,Grain & Rice",Rice & Grains,99554f03-3dec-4393-a5ab-18da4b8a0006,Carolina  Basmati Rice (32 oz),899,https://tb-static.uber.com/prod/image-proc/processed_images/a9ac2c249c764bcbbb885a478d54c6bd/5954bcb006b10dbfd0bc160f6370faf3.jpeg
"Pasta , Noodles ,Grain & Rice",Rice & Grains,99554f03-3dec-4393-a5ab-18da4b8a0006,Rice Select - Arborio Rice-32oz.,1269,https://www.kroger.com/product/images/large/front/0074615563373
"Pasta , Noodles ,Grain & Rice",Rice & Grains,99554f03-3dec-4393-a5ab-18da4b8a0006,Rice Select - Jasmine-32oz,1379,https://i.ebayimg.com/images/g/f3sAAOSwLhBjvDUf/s-l500.jpg
"Pasta , Noodles ,Grain & Rice",Rice & Grains,99554f03-3dec-4393-a5ab-18da4b8a0006,Rice Select - Calrose Rice-32oz. ,1269,https://ipcdn.freshop.com/resize?url=https://images.freshop.com/00074401404323/169e7aabeee1909a6a3f323f3a5d814d_large.png&width=512&type=webp&quality=90
"Pasta , Noodles ,Grain & Rice",Rice & Grains,99554f03-3dec-4393-a5ab-18da4b8a0006,Rice Select - Jasmati Rice-Long Grain American Jasmine-32oz,1269,https://www.kroger.com/product/images/large/front/4007440196032
"Pasta , Noodles ,Grain & Rice",Rice & Grains,99554f03-3dec-4393-a5ab-18da4b8a0006,Rice Select - Jasmati Brown Rice-30oz,1269,https://kosherkart.com/cdn/shop/products/800p-RiceSelectJasmatiBrownRice.jpg?v=1631422535
"Pasta , Noodles ,Grain & Rice",Rice & Grains,99554f03-3dec-4393-a5ab-18da4b8a0006,Rice Select - Orzo-Tri Color -26oz.,1099,https://m.media-amazon.com/images/I/61m7aDN6W1L.jpg
"Pasta , Noodles ,Grain & Rice",Rice & Grains,99554f03-3dec-4393-a5ab-18da4b8a0006,Rice Select - Texmati-Brown Rice-36oz. ,1499,https://m.media-amazon.com/images/I/81XOfSNyjmL.jpg
"Pasta , Noodles ,Grain & Rice",Rice & Grains,99554f03-3dec-4393-a5ab-18da4b8a0006,Rice Select - Orzo-Whole Wheat Pasta-26oz. ,1099,https://cdn.shopify.com/s/files/1/0516/8921/products/074401704416_2048x2048.jpg?v=1511996218
"Pasta , Noodles ,Grain & Rice",Rice & Grains,99554f03-3dec-4393-a5ab-18da4b8a0006,Rice Select - Texmati Rice-36oz,1499,https://jpg.rocklandkosher.com/content/images/thumbs/0206873_rice-select-texmati-rice-36-oz_300.jpeg
"Pasta , Noodles ,Grain & Rice",Rice & Grains,99554f03-3dec-4393-a5ab-18da4b8a0006,Rice Select - Texmati-Light Brown Rice-36oz.,1499,https://m.media-amazon.com/images/I/81XOfSNyjmL.jpg
"Pasta , Noodles ,Grain & Rice",Rice & Grains,99554f03-3dec-4393-a5ab-18da4b8a0006,Rice Select - Original Couscous-31oz.,1099,https://storage.googleapis.com/images-kkg-prd-dbdfdde.kkg.prd.v8.commerce.mi9cloud.com/product-images/detail/8e758caa-0db1-4b03-b7b8-81bd565fd473.jpeg
"Pasta , Noodles ,Grain & Rice",Rice & Grains,99554f03-3dec-4393-a5ab-18da4b8a0006,Rice Select - Tri Color Couscous-31oz.,1099,https://d121ck0xk6rnj0.cloudfront.net/eyJidWNrZXQiOiJyaXZpYW5hLWJ1Y2tldCIsImtleSI6ImltYWdlcy9UcmktY291cy1mcm9udF8yMDIxLTA0LTA5LTE3NDIyNS5wbmciLCJlZGl0cyI6eyJwbmciOnsicXVhbGl0eSI6MTAwLCJwcm9ncmVzc2l2ZSI6dHJ1ZX0sInJlc2l6ZSI6eyJ3aWR0aCI6MTIwMCwiaGVpZ2h0IjoxMjAwLCJmaXQiOiJjb3ZlciJ9LCJzaGFycGVuIjp0cnVlfX0=
"Pasta , Noodles ,Grain & Rice",Rice & Grains,99554f03-3dec-4393-a5ab-18da4b8a0006,Rice Select - Royal Blend-Texmati Brown Rice with Flaxseed - 28oz ,1099,https://ipcdn.freshop.com/resize?url=https://images.freshop.com/00074401750284/480aea537cf6a5ae94721bcd797cb39f_large.png&width=512&type=webp&quality=90
"Pasta , Noodles ,Grain & Rice",Rice & Grains,99554f03-3dec-4393-a5ab-18da4b8a0006,Rice Select - Royal Blend-Texmati Light Brown Rice with Quinoa-28oz.,1099,https://ipcdn.freshop.com/resize?url=https://images.freshop.com/00074401750291/a2fe7c0ec902be5e9b1c2de0b601a97a_large.png&width=512&type=webp&quality=90
"Pasta , Noodles ,Grain & Rice",Rice & Grains,99554f03-3dec-4393-a5ab-18da4b8a0006,Rice Select - Royal Blend-Whole Grain Texmati Brown and Red Rice-28oz.,1099,https://m.media-amazon.com/images/I/71j1uXS2fML.jpg
"Pasta , Noodles ,Grain & Rice",Rice & Grains,99554f03-3dec-4393-a5ab-18da4b8a0006,Rice Select - Sushi Rice-American Koshihikari Rice-32oz. ,1099,https://i5.walmartimages.com/asr/654d89eb-65f0-4cbc-9d7c-9cf4737fdef9_1.5e49cc807fb4d1beba02dab57369bff5.jpeg?odnHeight=612&odnWidth=612&odnBg=FFFFFF
"Pasta , Noodles ,Grain & Rice",Rice & Grains,99554f03-3dec-4393-a5ab-18da4b8a0006,Rice Select - Kasmati- Indian Style Basmati Rice - 32oz ,1099,https://www.kroger.com/product/images/large/front/0007440181041
"Pasta , Noodles ,Grain & Rice",Fresh Pasta & Noodels,8d25d3c2-e792-477d-99bb-d2e7e088c3d9,Top Ramen - Beef Flavor-2.25oz,149,https://tb-static.uber.com/prod/image-proc/processed_images/f62534136a0c20c72a9f879dc954692f/5954bcb006b10dbfd0bc160f6370faf3.jpeg
"Pasta , Noodles ,Grain & Rice",Fresh Pasta & Noodels,8d25d3c2-e792-477d-99bb-d2e7e088c3d9,Top Ramen - Chicken Flavor-2.25oz,149,https://tb-static.uber.com/prod/image-proc/processed_images/f62534136a0c20c72a9f879dc954692f/5954bcb006b10dbfd0bc160f6370faf3.jpeg
"Pasta , Noodles ,Grain & Rice",Fresh Pasta & Noodels,8d25d3c2-e792-477d-99bb-d2e7e088c3d9,Top Ramen - Shrimp Flavor-2.25oz,149,https://tb-static.uber.com/prod/image-proc/processed_images/f62534136a0c20c72a9f879dc954692f/5954bcb006b10dbfd0bc160f6370faf3.jpeg
"Pasta , Noodles ,Grain & Rice",Fresh Pasta & Noodels,8d25d3c2-e792-477d-99bb-d2e7e088c3d9,Top Ramen - Oriental Flavor-2.25oz,149,https://tb-static.uber.com/prod/image-proc/processed_images/f62534136a0c20c72a9f879dc954692f/5954bcb006b10dbfd0bc160f6370faf3.jpeg
"Pasta , Noodles ,Grain & Rice",Fresh Pasta & Noodels,8d25d3c2-e792-477d-99bb-d2e7e088c3d9,Giovanni Rana Ravioli Pasta - 100z - Chicken & Roasted Garlic,699,https://i5.peapod.com/c/IM/IMM77.png
"Pasta , Noodles ,Grain & Rice",Fresh Pasta & Noodels,8d25d3c2-e792-477d-99bb-d2e7e088c3d9,Giovanni Rana Ravioli Pasta - 100z - Spinach & Ricotta,699,https://i5.peapod.com/c/WE/WETMV.png
"Pasta , Noodles ,Grain & Rice",Fresh Pasta & Noodels,8d25d3c2-e792-477d-99bb-d2e7e088c3d9,Giovanni Rana Ravioli Pasta - 100z - Artichoke,699,https://images.albertsons-media.com/is/image/ABS/960239205-ECOM?$ng-ecom-pdp-desktop$&defaultImage=Not_Available
"Pasta , Noodles ,Grain & Rice",Fresh Pasta & Noodels,8d25d3c2-e792-477d-99bb-d2e7e088c3d9,Giovanni Rana Ravioli Pasta - 100z - Prosciutto & Cheese,699,https://images.ctfassets.net/xhwawwjr0s5c/4tKDZAvEtWkmwqUsaIWOU2/12e134e38ddabf24603c03784b2c1740/500484_Prosciutto-_-Cheese-Tortelloni_10oz_FRONT_HI_598x508.jpg
"Pasta , Noodles ,Grain & Rice",Fresh Pasta & Noodels,8d25d3c2-e792-477d-99bb-d2e7e088c3d9,De Cecco Pasta - # 7-Linguine- 16 Oz ,579,https://m.media-amazon.com/images/I/71F0Om9No5L.jpg
"Pasta , Noodles ,Grain & Rice",Fresh Pasta & Noodels,8d25d3c2-e792-477d-99bb-d2e7e088c3d9,De Cecco Pasta - #7-Linguine-Spinach-12oz. ,579,https://i5.peapod.com/c/5V/5VDTX.jpg
"Pasta , Noodles ,Grain & Rice",Fresh Pasta & Noodels,8d25d3c2-e792-477d-99bb-d2e7e088c3d9,De Cecco Pasta - #11-Thin Spaghettini- 16oz,579,https://m.media-amazon.com/images/I/71SXRDysuzL.jpg
"Pasta , Noodles ,Grain & Rice",Fresh Pasta & Noodels,8d25d3c2-e792-477d-99bb-d2e7e088c3d9,De Cecco Pasta - #12-Spaghetti-16oz.,579,"https://m.media-amazon.com/images/I/712BpEbCG-L._AC_UF894,1000_QL80_.jpg"
"Pasta , Noodles ,Grain & Rice",Fresh Pasta & Noodels,8d25d3c2-e792-477d-99bb-d2e7e088c3d9,De Cecco Pasta - #12-Spaghetti-Spinach-12oz,579,https://www.dececco.com/wp-content/uploads/2022/10/VKP0012-SPAGHETTI-WITH-SPINACH-3.png
"Pasta , Noodles ,Grain & Rice",Fresh Pasta & Noodels,8d25d3c2-e792-477d-99bb-d2e7e088c3d9,De Cecco Pasta - #24-Rigatoni-16oz.,579,https://m.media-amazon.com/images/I/81Ps+zpD8oL.jpg
"Pasta , Noodles ,Grain & Rice",Fresh Pasta & Noodels,8d25d3c2-e792-477d-99bb-d2e7e088c3d9,De Cecco Pasta - #34-Fusilli-Pasta Tricolor-12oz.,579,https://www.dececco.com/wp-content/uploads/2022/10/VTP0034-FUSILLI-TRICOLOR-3.png
"Pasta , Noodles ,Grain & Rice",Fresh Pasta & Noodels,8d25d3c2-e792-477d-99bb-d2e7e088c3d9,De Cecco Pasta - #34-Fusilli-Whole Wheat-13.25oz. ,579,https://m.media-amazon.com/images/I/81o0iE27tPL.jpg
"Pasta , Noodles ,Grain & Rice",Fresh Pasta & Noodels,8d25d3c2-e792-477d-99bb-d2e7e088c3d9,De Cecco Pasta - #34-Fusilli-With Spinach-12oz.,579,https://www.dececco.com/wp-content/uploads/2022/10/VKP0034-FUSILLI-WITH-SPINACH-3.png
"Pasta , Noodles ,Grain & Rice",Fresh Pasta & Noodels,8d25d3c2-e792-477d-99bb-d2e7e088c3d9,De Cecco Pasta - #34-Fusilli-16oz,579,https://www.dececco.com/wp-content/uploads/2022/10/VSS0034-FUSILLI-3.png
"Pasta , Noodles ,Grain & Rice",Fresh Pasta & Noodels,8d25d3c2-e792-477d-99bb-d2e7e088c3d9,De Cecco Pasta - #41-Penne Rigate-16oz,579,https://m.media-amazon.com/images/I/81TIX07XiRL.jpg
"Pasta , Noodles ,Grain & Rice",Fresh Pasta & Noodels,8d25d3c2-e792-477d-99bb-d2e7e088c3d9,De Cecco Pasta - #40-Penne Lisce-16oz,579,https://m.media-amazon.com/images/I/81FbmWE7hYL.jpg
"Pasta , Noodles ,Grain & Rice",Fresh Pasta & Noodels,8d25d3c2-e792-477d-99bb-d2e7e088c3d9,De Cecco Pasta - #81-Elbow-16oz. ,579,https://i5.walmartimages.com/asr/987736b9-752a-4f7f-a490-9d9c8b77a896_1.db5ecb67fb19fc8069ffa1b1f24554f2.jpeg
"Pasta , Noodles ,Grain & Rice",Fresh Pasta & Noodels,8d25d3c2-e792-477d-99bb-d2e7e088c3d9,De Cecco Pasta - #87-Cavatappi-16oz,579,https://www.dececco.com/wp-content/uploads/2022/10/VSS0087-CAVATAPPI-3.png
"Pasta , Noodles ,Grain & Rice",Fresh Pasta & Noodels,8d25d3c2-e792-477d-99bb-d2e7e088c3d9,De Cecco Pasta - #93-Farfalle-16oz. ,579,https://www.dececco.com/wp-content/uploads/2022/10/VSS0093-FARFALLE-3.png
"Pasta , Noodles ,Grain & Rice",Fresh Pasta & Noodels,8d25d3c2-e792-477d-99bb-d2e7e088c3d9,De Cecco Pasta - #118-Zita Cut-16oz.,579,https://i5.walmartimages.com/asr/72fcf3f9-ddb4-4fad-a7ed-c03c914a6b84_1.c3cf0ba0b7b880621471ddeb83374d3a.jpeg
"Pasta , Noodles ,Grain & Rice",Fresh Pasta & Noodels,8d25d3c2-e792-477d-99bb-d2e7e088c3d9,Canned Pasta - Chef Boyardee- Beefaroni- 15 Oz,319,"https://m.media-amazon.com/images/I/51cIOdkhgGL._AC_UF894,1000_QL80_.jpg"
"Pasta , Noodles ,Grain & Rice",Fresh Pasta & Noodels,8d25d3c2-e792-477d-99bb-d2e7e088c3d9,Canned Pasta -  Chef Boyardee- Beef Ravioli- 15 Oz ,319,https://m.media-amazon.com/images/I/81kUlpDaCLL.jpg
"Pasta , Noodles ,Grain & Rice",Fresh Pasta & Noodels,8d25d3c2-e792-477d-99bb-d2e7e088c3d9,Canned Pasta -  Chef Boyardee- Spaghetti & Meatballs- 15 Oz,319,https://m.media-amazon.com/images/I/71f5VkBKFoL.jpg
"Pasta , Noodles ,Grain & Rice",Fresh Pasta & Noodels,8d25d3c2-e792-477d-99bb-d2e7e088c3d9,Canned Pasta - Chef Boyardee- Chili Mac- 15 Oz ,319,https://images.freshop.com/00064144043606/04c03d3a9ba60b484e5d6494856ae8c7_large.png
"Pasta , Noodles ,Grain & Rice",Fresh Pasta & Noodels,8d25d3c2-e792-477d-99bb-d2e7e088c3d9,Rana  Artichoke Ravioli (10 oz),699,https://tb-static.uber.com/prod/image-proc/processed_images/de09ad34c6c124d715208e036fc77e20/5954bcb006b10dbfd0bc160f6370faf3.jpeg
"Pasta , Noodles ,Grain & Rice",Fresh Pasta & Noodels,8d25d3c2-e792-477d-99bb-d2e7e088c3d9,Nissin Cup Noodles -  Beef Flavor-2.25oz ,229,https://tb-static.uber.com/prod/image-proc/processed_images/b9564485c2a686eff9044c5a2e7bac2c/5954bcb006b10dbfd0bc160f6370faf3.jpeg
"Pasta , Noodles ,Grain & Rice",Fresh Pasta & Noodels,8d25d3c2-e792-477d-99bb-d2e7e088c3d9,Nissin Cup Noodles -  Chicken Flavor-2.25oz,229,https://tb-static.uber.com/prod/image-proc/processed_images/b9564485c2a686eff9044c5a2e7bac2c/5954bcb006b10dbfd0bc160f6370faf3.jpeg
"Pasta , Noodles ,Grain & Rice",Fresh Pasta & Noodels,8d25d3c2-e792-477d-99bb-d2e7e088c3d9,Nissin Cup Noodles -  Shrimp-2.25oz ,229,https://tb-static.uber.com/prod/image-proc/processed_images/b9564485c2a686eff9044c5a2e7bac2c/5954bcb006b10dbfd0bc160f6370faf3.jpeg
"Pasta , Noodles ,Grain & Rice",Fresh Pasta & Noodels,8d25d3c2-e792-477d-99bb-d2e7e088c3d9,Rana  4 Cheese Ravioli (10 oz),699,https://tb-static.uber.com/prod/image-proc/processed_images/a110c7642fddd7e84539bf4a039fc346/5954bcb006b10dbfd0bc160f6370faf3.jpeg
"Pasta , Noodles ,Grain & Rice",Fresh Pasta & Noodels,8d25d3c2-e792-477d-99bb-d2e7e088c3d9,Rana  Giovanni Tortelloni Cheese Lovers (10 oz),699,https://tb-static.uber.com/prod/image-proc/processed_images/e64f9379d3f84093ffad0d55bdc04675/5954bcb006b10dbfd0bc160f6370faf3.jpeg
"Pasta , Noodles ,Grain & Rice",Fresh Pasta & Noodels,8d25d3c2-e792-477d-99bb-d2e7e088c3d9,Rana  Spinach & Ricotta Ravioli (10 oz),699,https://tb-static.uber.com/prod/image-proc/processed_images/b6c17e966d6c23bbbb6609eb7483d21c/5954bcb006b10dbfd0bc160f6370faf3.jpeg
"Pasta , Noodles ,Grain & Rice",Fresh Pasta & Noodels,8d25d3c2-e792-477d-99bb-d2e7e088c3d9,Buitoni  Three cheese tortellini (9 oz),699,https://tb-static.uber.com/prod/image-proc/processed_images/9716a5d4dcfcc3f8d00076141d367a58/5954bcb006b10dbfd0bc160f6370faf3.jpeg
